<caption name="CaptionPanel" pos="0,0,-0,75" crbg="eef0f6">
  <hr pos="1,-1,-0,-1" size="1" crbg="d6d8dd"/>
  <!--logo-->
  <img pos="15,20,@115,@26" skin="titlepanel_logo"></img>
  <!--我的网盘-->
  <buttonex name="btn_mydisk" pos="165,23,@83,@37" class="cls_titlepanel_btn" crtext-uncheck="333333" crtext-check="06a8ff"
	normal-skin="titlepanel_underline_normal" hover-skin="titlepanel_underline_normal" down-skin="titlepanel_underline_hover"
	check-skin="titlepanel_underline_hover" text-yoffset="-5">%str1500%</buttonex>
  <!--传输列表-->
  <gifplayer name="gif_taskrun" pos="265,23,@15,@15" skin="titlepanel_taskrunning_gif" bulltimer="1" show="0"/>
  <img name="img_taskpause" pos="264,34,@16,@16" skin="titlepanel_taskpause" show="0"/>
  <buttonex name="btn_translist" pos="281,23,@64,@37" class="cls_titlepanel_btn" crtext-uncheck="333333" crtext-check="06a8ff"
  normal-skin="titlepanel_underline_normal" hover-skin="titlepanel_underline_normal" down-skin="titlepanel_underline_hover"
  check-skin="titlepanel_underline_hover" text-yoffset="-5">%str1501%</buttonex>
  <img name="img_transnum" skin="titlepanel_redbg" show="0">
  <text name="txt_transnum" pos="0,|-11,-0,@18" crtext="ffffff" font2="facename:Arial;adding:-1" align="center" valign="middle">0</text>
  </img>
  <!--好友分享-->
  <buttonex name="btn_friendshare" pos="368,23,@83,@37" class="cls_titlepanel_btn" crtext-uncheck="333333" crtext-check="06a8ff"
	normal-skin="titlepanel_underline_normal" hover-skin="titlepanel_underline_normal" down-skin="titlepanel_underline_hover"
	check-skin="titlepanel_underline_hover" text-yoffset="-5">%str1502%</buttonex>
  <img name="img_reddot" pos="449,23,@8,@8" skin="titlepanel_reddot" show="0"/>
  <!--功能宝箱-->
  <buttonex name="btn_functionbox" pos="471,23,@86,@37" class="cls_titlepanel_btn" crtext-uncheck="333333" crtext-check="06a8ff"
	normal-skin="titlepanel_underline_normal" hover-skin="titlepanel_underline_normal" down-skin="titlepanel_underline_hover"
	check-skin="titlepanel_underline_hover" text-yoffset="-5">%str290%</buttonex>
  <img name="img_new" pos="547,22,@29,@13" skin="titlepanel_newfunction" show="0"/>
  <!--找资源-->
  <buttonex name="btn_mall" pos="598,23,@55,@37" class="cls_titlepanel_btn" crtext-uncheck="333333" crtext-check="06a8ff"
	normal-skin="titlepanel_underline_normal" hover-skin="titlepanel_underline_normal" down-skin="titlepanel_underline_hover"
	text-yoffset="-5">%str1529%</buttonex>
  <img name="mall_img_new" pos="655,22,@29,@13" skin="titlepanel_newfunction" show="0"/>

  <!--用户头像-->
  <img name="img_userhead" pos="-350,|-15,@30,@30" skin="titlepanel_default_head">
	<img name="img_userhead_frame" pos="0,0,-0,-0" skin="titlepanel_headframe"/>
  </img>

  <!--用户昵称-->
  <text name="txt_nickname" pos="-320,|-8" crtext="333333" font="0000:Arial" align="left" cursor="arrow" maxwidth="200" dotted="1"></text>
  <!--会员身份标识-->
  <imgbtn name="btn_crown" pos="-265,|-9,@18,@18" skin="titlepanel_translucent" icoskin="titlepanel_vipclose" cursor="hand"/>
  <!--会员身份到期常驻提示面板-->
  <dlg name="dlg_resident_expire" show="0">
	 <link name="txt_resident_expire" class="cls_titlepanel_resident_txt"></link>
	 <link name="link_resident_expire" class="cls_titlepanel_resident_link"></link>
  </dlg>

  <!--会员中心-->
  <imgbtn name="btn_vipcenter" pos="-234,|-20,@101,@40" class="cls_titlepanel_vipcenter_btn" txtyoffset="2">%str1505%</imgbtn>
  <!--消息-->
  <imgbtn name="btn_message" pos="-135,|-8,@15,@16" skin="titlepanel_message_btn" cursor="arrow" tip="%str1506%"></imgbtn>
  <img name="img_newmsg_reddot" pos="-124,28,@8,@8" skin="titlepanel_reddot" show="0"/>
  <!--设置-->
  <imgbtn name="btn_setting" pos="-110,|-8,@15,@16" skin="titlepanel_setting_btn" cursor="arrow" tip="%str1507%"></imgbtn>

  <!--窗口属性-->
  <hr pos="-85,|-8,@1,@16" size="1" crbg="d6d8dd"/>
  <imgbtn name="btn_minimize" skin="titlepanel_minmize_btn" pos="-75,|-8,@15,@16" cursor="arrow" tip="%str251%"/>
  <imgbtn name="btn_maximize" skin="titlepanel_maximize_btn" pos="-50,|-8,@15,@16" cursor="arrow" tip="%str1503%"/>
  <imgbtn name="btn_restore" skin="titlepanel_restore_btn" pos="-50,|-8,@15,@16" cursor="arrow" tip="%str1504%" show="0"/>
  <imgbtn name="btn_close" skin="titlepanel_close_btn" pos="-25,|-8,@15,@16" cursor="arrow" tip="%str250%"></imgbtn>
</caption>
