﻿<string>
  <!--数据线面板-->
  <s id="1">来自手机的文件</s>
  <s id="2">等待手机连接</s>
  <s id="3">请在同网络下，登录相同帐号的百度网盘Android版本，进入"更多->更多工具->数据线"，连接</s>
  <s id="4">吧～</s>
  <s id="5">扫描二维码安装最新Android版百度网盘</s>
  <s id="6">无需数据线 电脑手机便捷传文件</s>
  <s id="7">剩余存储空间：%s</s>
  <s id="8">断开连接</s>
  <s id="9">传文件</s>
  <s id="10">请选择文件/文件夹</s>
  <s id="11">发送文件</s>
  <s id="12">成功传输</s>
  <s id="13">个文件</s>
  <s id="14">拖拽到此传文件</s>
  <s id="15">可能由于网络原因，文件发送失败</s>
  <s id="16">重试</s>
  <s id="17">当前有文件正在传输，断开连接将停止传输，\r\n是否断开连接？</s>
  <s id="18">系统提示</s>
  <s id="19">与手机已断开连接</s>
  <s id="20">删除</s>
  <s id="21">打开文件</s>
  <s id="22">打开文件夹</s>
  <s id="23">上传到我的网盘</s>
  <s id="24">当前有文件正在传输，清空将中断传输，是否清空？</s>
  <s id="25">清空</s>
  <s id="26">取消</s>
  <s id="27">文件已添加到我的网盘传输列表</s>
  <s id="28">等待传输...</s>
  <!--错误提示文案-->
  <s id="29">本地文件路径不存在或非法</s>
  <s id="30">本地文件被占用，请关闭后再试</s>
  <s id="31">本地文件打开失败</s>
  <s id="32">本地文件读取失败</s>
  <s id="33">系统限制文件大小为4G，无法接收</s>
  <s id="34">本地空间不足，清理后再试</s>
  <s id="35">文件不存在</s>
  <s id="36">本地存储目录无权限或不存在</s>
  <s id="37">本地文件写入失败</s>
  <s id="38">传输失败</s>
  <s id="39">对方文件不存在</s>
  <!--菜单相关文案-->
  <s id="40">选择文件发送</s>
  <s id="41">清空全部</s>
  <s id="42">打开</s>
  <s id="43">删除</s>
  <s id="44">取消传输</s>
  <!--数据线提示文案-->
  <s id="100">手机搜不到这台电脑？</s>
  <s id="101">点我试试</s>
  <s id="102">去手机探测</s>
  <s id="103">网络连接失败，无法上传文件</s>
  <!--手机忘带相关文案-->
  <s id="200">连接手机</s>
  <s id="201">手机百度网盘“发现-手机忘带”</s>
  <s id="202">连接手机中</s>
  <s id="203">连接手机失败</s>
  <s id="204">重试</s>
  <s id="205">通话记录</s>
  <s id="206">短信</s>
  <s id="207">最近三天暂无通话记录，如果有新来电网盘会及时提醒你哟</s>
  <s id="208">最近三天暂无短信，如果有新消息网盘会及时提醒你哟</s>
  <s id="211">努力加载中</s>
  <s id="212">加载失败</s>
  <s id="213">断开连接</s>
  <s id="214">复制短信</s>
  <s id="215">短信已复制</s>
  <s id="216">切换手机</s>
  <s id="217">刷新</s>
  <s id="220">使用前请在</s>
  <s id="221">中开启该功能</s>
  <s id="222">（仅支持百度网盘Android端7.4及以上版本）</s>
  <s id="223">返回</s>

  <s id="230">手机忘带提示</s>
  <s id="231">你的帐号已在其他电脑上登录手机忘带</s>
  <s id="232">手机电量过低，可能随时关机断开连接</s>
  <s id="233">手机已与本地断开连接</s>
  <!--登录相关文案-->
  <s id="250">关闭</s>
  <s id="251">最小化</s>
  <s id="252">网络设置</s>
  <s id="253">使用合作帐号登录</s>
  <s id="254">注册帐号</s>
  <s id="255">立即注册百度帐号</s>
  <s id="256">登录</s>
  <s id="257">微博登录</s>
  <s id="258">QQ登录</s>
  <s id="259">微信登录</s>
  <s id="260">记住密码</s>
  <s id="261">自动登录</s>
  <s id="262">忘记密码?</s>
  <s id="263">删除帐号信息</s>
  <s id="264">请输入帐号</s>
  <s id="265">请输入密码</s>
  <s id="266">换一张</s>
  <s id="267">请选择以何种方式登录？</s>
  <s id="268">帐号登录</s>
  <s id="269">手机号登录</s>
  <s id="270">手机号/邮箱/用户名</s>
  <s id="271">******</s>
  <s id="272">请</s>
  <s id="273">绑定手机号</s>
  <s id="274">后登录</s>
  <s id="275">微信</s>
  <s id="276">大写锁定已打开</s>
  <s id="277">清除密码</s>
  <s id="278">扫一扫登录</s>
  <s id="279">帐号密码登录</s>
  <s id="280">请使用</s>
  <s id="281"> 百度网盘App </s>
  <s id="282">扫码登录</s>
  <s id="283">刷新二维码</s>
  <s id="284">加载失败，请刷新重试</s>
  
  <!--功能宝箱-->
  <s id="285">手机忘带</s>
  <s id="286">数据线</s>
  <s id="287">自动备份</s>
  <s id="288">锁定网盘</s>
  <s id="289">回收站</s>
  <s id="290">功能宝箱</s>
  <s id="291">更多功能，带给您更贴心的体验</s>
  <s id="292">轻松查看来电、短信</s>
  <s id="293">手机和电脑无线传输</s>
  <s id="294">防止他人偷窥数据</s>
  <s id="295">随时备份，告别丢失</s>
  <s id="296">帮你找回删除文件</s>
  <s id="297">垃圾文件清理</s>
  <s id="298">节省网盘空间</s> 
  <!--缓存清理对话框-->
  <s id="300">释放缓存提示</s>
  <s id="301">磁盘缓存过多，清理磁盘可释放更多空间，提升网盘加载速度，是否释放缓存？</s>
  <s id="302">正在清理，已完成 %u%%</s>
  <s id="303">释放完成，下次使用百度网盘时操作更流畅。</s>
  <s id="304">释放缓存</s>
  <s id="305">完成并退出</s>
  
  <!--分享会话-->
  <s id="315">会话</s>
  <s id="316">好友</s>
  <s id="317">群组</s>
  <s id="318">创建群组</s>
  <s id="319">添加好友</s>
  <s id="320">备    注:</s>
  <s id="321">昵    称:</s>
  <s id="322">百度帐号:</s>
  <s id="323">分享文件</s>
  <s id="324">删除好友</s>
  <s id="325">加入黑名单</s>
  <s id="326">你还没有添加好友呢，先建群后再邀请好友加入吧～</s>
  <s id="327">你还没有好友，添加好友分享文件吧～</s>
  <s id="328">你还没有加入群哦～</s>
  <s id="329">选择左侧好友，开始分享文件吧～</s>
  <s id="330">加入黑名单后将不再收到对方的消息，是否继续？（可在网页端解除黑名单）</s>
  <s id="331">点击添加备注</s>
  <s id="332">退出群组</s>
  <s id="333">删除会话列表</s>
  <s id="334">确定要删除“%s”吗？</s>
  <s id="335">删除</s>
  <s id="336">已加入黑名单</s>
  <s id="337">删除成功</s>
  <s id="338">删除失败</s>
  <s id="339">加入黑名单失败</s>
  <s id="340">正在删除</s>
  <s id="341">正在加入黑名单</s>
  <s id="342">正在添加好友</s>
  <s id="343">添加好友成功</s>
  <s id="344">添加好友失败</s>
  <s id="345">删除并退出群组</s>
  <s id="346">修改备注</s>
  <s id="347">修改群组名称</s>
  <s id="348">确定要退出并删除该群组吗?</s>
  <s id="349">正在退出该群组</s>
  <s id="350">退群失败</s>
  <s id="351">退群成功</s>
  <s id="352">创建群组失败</s>
  <s id="353">创建群组太频繁，再次创建需验证</s>
  <s id="354">正在创建群组</s>
  <s id="355">删除会话</s>
  <s id="356">添加成员</s>
  <s id="357">正在删除群成员</s>
  <s id="358">移除群成员失败</s>
  <s id="359">成功移除群成员</s>
  <s id="360">给好友分享上百张图片，仅需2步～</s>
  <s id="361">给好友分享文件</s>
  <s id="362">文件库</s>
  <s id="363">输入文字消息</s>
  <s id="364">发送</s>
  <s id="365">返回</s>
  <s id="366">下载</s>
  <s id="368">正在添加群成员</s>
  <s id="369">添加群成员成功</s>
  <s id="370">添加群成员失败</s>
  <s id="371">[发送中]</s>
  <s id="372">[发送失败]</s>
  <s id="373">查看历史消息</s>
  <s id="374">添加到传输列表</s>
  <s id="375">正在保存...</s>
  <s id="376">保存失败</s>
  <s id="377">保存成功</s>
  <s id="378">群二维码</s>
  <s id="379">，邀请你的QQ和微博好友加入</s>
  <s id="380">链接复制成功</s>
  <s id="381">关闭</s>
  <s id="382">加载中...</s>
  <s id="383">播放</s>
  <s id="384">你今天发送消息已达上限，再次发送需验证</s>
  <s id="385">对方还不是你的好友，请注意隐私安全</s>
  <s id="386">加为好友</s>
  <s id="387">分享文件</s>
  <s id="388">清空全部</s>
  <s id="389">保存</s>
  <s id="390">复制</s>
  <s id="391">因网络等原因发送失败</s>
  <s id="392">等多个文件</s>
  <s id="393">重发</s>
  <s id="394">删除</s>
  <s id="395">您已不在此群</s>
  <s id="396">发送字数过多</s>
  <s id="397">发送的消息有敏感词</s>
  <s id="398">验证失败，请重试</s>
  <s id="399">该分享已被删除</s>
  <s id="400">用户没有对该分享的操作权限</s>
  <s id="401">发送失败</s>
  <s id="402">对方拒接你的消息</s>
  <s id="403">对方拒接非好友消息</s>
  <s id="404">分享的文件过多</s>
  <s id="405">获取验证码失败</s>
  <s id="406">网络异常</s>
  <s id="407">操作失败，请稍候重试</s>
  <s id="408">操作失败</s>
  <s id="409">出现了一点小问题</s>
  <s id="410">请重新登录</s>
  <s id="411">不能加自己为好友</s>
  <s id="412">好友人数超过上限</s>
  <s id="413">好友已存在</s>
  <s id="414">用户不存在</s>
  <s id="415">不能拉黑自己</s>
  <s id="416">操作已达上限，请删除些再试</s>
  <s id="417">用户已添加</s>
  <s id="418">群创建已达上限，请删除些群组再试</s>
  <s id="419">群成员已达上限</s>
  <s id="420">群组不存在</s>
  <s id="421">暂无权限</s>
  <s id="422">获取消息失败，请重试</s>
  <s id="423">创建群组成功</s>
  <s id="424">保存失败，请重试</s>
  <s id="425">正在排队保存，请稍等</s>
  <s id="426">空间已满，请清理空间再试</s>
  <s id="427">保存文件数太多</s>
  <s id="428">文件已存在</s>
  <s id="429">请输入验证码</s>
  <s id="430">成员超上限，请少选好友再试</s>
  <s id="431">删除群成员失败，请重试</s>
  <s id="432">退群失败，请重试</s>
  <s id="433">保存失败，请从文件库重试</s>
  <s id="434">保存失败，请重试</s>
  <s id="435">源文件不存在</s>
  <s id="436">网盘文件数量过多，保存失败</s>
  <s id="437">新好友</s>
  <s id="438">分享文件</s>
  <s id="439">通过</s>
  <s id="440">拒绝</s>
  <s id="441">已拒绝</s>
  <s id="442">新好友通知</s>
  <s id="443">添加你为好友了</s>
  <s id="444">通过回答问题添加你为好友</s>
  <s id="445">对方拒绝了你的好友申请</s>
  <s id="446">正在通过好友请求</s>
  <s id="447">正在拒绝好友请求</s>
  <s id="448">已通过好友请求</s>
  <s id="449">已拒绝好友请求</s>
  <s id="450">验证信息：</s>
  <s id="451">通过分享</s>
  <s id="452">群二维码</s>
  <s id="453">对方开启了好友验证，你还不是他（她）的朋友，</s>
  <s id="454">发送好友验证</s>
  <!--添加点对点好友-->
  <s id="500">确定</s>
  <s id="501">取消</s>
  <s id="502">请输入验证码</s>
  <s id="503">分享文件</s>
  <s id="504">未找到你搜索的用户，检查下输入的帐号吧</s>
  <s id="505">添加好友</s>
  <s id="506">输入百度帐号添加好友</s>
  <s id="507">百度帐号：</s>
  <s id="508">搜索</s>
  <s id="509">加为好友</s>
  <s id="510">添加好友操作太频繁啦，请提供验证码</s>
  <s id="511">(已是好友)</s>
  <s id="512">(自己)</s>
  <s id="513">看不清，换一张</s>
  <s id="514">以下字符不区分大小写</s>
  <s id="515">输入用户名/邮箱来查找</s>
  <s id="516">请登录后再输入</s>
  <s id="517">出现了一点小问题，请重新输入</s>
  <s id="518">搜索次数过多，请稍候再试</s>
  <s id="519">请输入验证码</s>
  <s id="520">验证码错误</s>
  <s id="521">对方需要你填写验证信息：</s>
  <s id="522">发送</s>
  <s id="523">添加好友</s>
  <s id="524">取消</s>
  <s id="525">希望添加你为好友~</s>
  <s id="526">对方拒绝任何人添加其为好友</s>
  <s id="527">验证信息中不能包含敏感词</s>
  <s id="528">答案验证失败</s>
  <s id="529">发送成功，等待好友验证</s>
  <s id="530">问题：</s>
  <!--群成员管理引导对话框-->
  <s id="600">提示</s>
  <s id="601">PC版百度网盘暂不支持管理群组，请下载手机版百度网盘进行管理</s>
  <s id="602">扫码二维码下载</s>
  <s id="603">使用手机上的二维码扫描软件</s>
  <s id="604">便捷下载百度网盘</s>
  <s id="605">知道了</s>
  <!--分享群二维码对话框-->
  <s id="610">分享群二维码</s>
  <s id="611">打开百度网盘，扫码加入该群</s>
  <s id="612">复制到剪贴板</s>
  <s id="613">保存到本地</s>
  <s id="614">正在生成中...</s>
  <s id="615">生成二维码失败</s>
  <s id="616">单个群聊最多\n可以添加%d个人</s>
  <s id="617">已复制到剪贴板</s>
  <s id="618">已保存到桌面</s>
  <s id="619">已关闭群成员邀请\n禁用二维码进群</s>
  <s id="620">复制到剪贴板失败</s>
  <s id="621">保存到本地失败</s>
  <s id="622">暂无群简介</s>
  <!--个人资料对话框-->
  <s id="700">TA的资料</s>
  <s id="701">加入黑名单</s>
  <s id="702">加为好友</s>
  <s id="703">分享文件</s>
  <s id="704">昵      称：</s>
  <s id="705">百度帐号：</s>

   <!--设备备份提示-->
  <s id="706">设备备份</s>
  <s id="707">%s盘空间不足，请清理空间再试</s>

  <!--自动备份功能升级通知对话框-->
  <s id="750">温馨提示：自动备份已关闭，已上传的备份文件仍将为你保留</s>
  <s id="751">开通会员</s>
  <s id="752">我知道了</s>
  <s id="753">升级会员确认</s>
  <s id="754">是否升级会员成功？</s>
  <s id="755">购买成功</s>
  <s id="756">不买了</s>
  <s id="757">自动备份关闭</s>
  <s id="758">因升级会员未成功，自动备份功能将关闭，请升级为\r\n会员后进入设置开启该功能。</s>
  <s id="759">我知道了</s>
  <s id="760">升级会员</s>
  <s id="761">非会员无法使用自动备份功能，请开通会员后再试</s>
  <s id="762">我知道了</s>
  <s id="763">升级会员</s>
  <s id="765">升级会员</s>
  <s id="766">温馨提示：自动备份是会员特权，会员到期后将无法使用</s>
  <s id="767">续费会员</s>
  <s id="768">查看详情></s>

  <!--批量上传文件特权对话框-->
  <s id="800">上传文件</s>
  <s id="801">上传文件数量超出限制，%s后可继续上传</s>
  <s id="802">升级超级会员</s>
  <s id="803">取消</s>
  <s id="804">升级会员确认</s>
  <s id="805">是否升级会员成功？</s>
  <s id="806">购买成功</s>
  <s id="807">不买了</s>
  <s id="808">会员升级未成功，请重试～</s>
  <s id="809">超出批量上传特权操作数限制</s>
  <s id="810">未成功开通会员，无法上传</s>
  <s id="811">获取用户身份失败，请重新登录后再试</s>
  <s id="812">查看详情></s>
  <s id="813">购买失败</s>
  <s id="814">异常提示</s>
  <!--Diff错误提示对话框-->
  <s id="820">异常提示</s>
  <s id="821">去删除</s>
  <s id="822">确定</s>
  <s id="823">网盘中文件数量过多，影响使用体验，请删除部分文\n件后再使用~</s>
  <s id="824">你的百度网盘已被封禁</s>
  <!--云解压对话框-->
  <s id="830">开通会员</s>
  <s id="831">开通超级会员</s>
  <s id="832">升级超级会员</s>
  <s id="833">请输入压缩包密码</s>
  <s id="834">暂不支持解压此类文件，请下载后查看</s>
  <s id="835">压缩包过大（大于8G），可下载后查看</s>
  <s id="836"> 压缩包密码</s>
  <s id="837">确定</s>
  <s id="838">请输入密码</s>
  <s id="839">云解压</s>
  <s id="840">已解压%d%%</s>
  <s id="841">已选中%d个文件</s>
  <s id="842">下载</s>
  <s id="843">文件名</s>
  <s id="844">大小</s>
  <s id="845">共%d个文件</s>
  <s id="846">返回上一级</s>
  <s id="847">我的文件</s>
  <s id="848">打开</s>
  <s id="849">解压到</s>
  <s id="850">解压全部文件</s>
  <s id="851">尊敬的会员，您正在尊享云解压特权..</s>
  <s id="852">尊敬的超级会员，您正在尊享云解压特权..</s>
  <s id="853">这里是空的哟~</s>
  <s id="854">正在为您打开...</s>
  <s id="855">解压失败</s>
  <s id="856">您的空间不足，无法完成文件解压</s>
  <s id="857">解压成功，文件同时被保存到</s>
  <s id="858">解压失败，网络异常</s>
  <s id="859">尊贵的会员，解压成功</s>
  <s id="860">尊贵的超级会员，解压成功</s>
  <s id="861">网络异常，请稍后再试</s>
  <s id="862">尊贵的会员</s>
  <s id="863">尊贵的超级会员</s>
  <s id="864">文件正在解压中，请稍候...</s>
  <s id="865">正在准备下载，请稍候...</s>
  <s id="866">正在打开文件，请稍候...</s>
  <s id="867">解压成功</s>
  <s id="868">密码错误，请重新输入</s>
  <s id="869">已添加到下载，文件同时被保存到</s>
  <s id="870">云解压暂不支持中文密码</s>
  <s id="871">密码错误次数太多，请稍后再试</s>
  <s id="872">压缩包内文件过多</s>
  <s id="873">压缩包已损坏，无法解压</s>
  <s id="874">压缩包过大，暂不支持云解压</s>
  <s id="875">暂不支持该类型压缩包</s>
  <s id="876">压缩包为固态压缩，暂不支持云解压</s>
  <s id="877">分享不存在</s>
  <s id="878">分享已过期</s>
  <s id="879">权限检验失败</s>
  <s id="880">点击查看</s>
  <s id="881">百度云解压</s>
  <s id="882">解压的文件已经存在于目标文件夹中</s>
  <s id="883">云解压暂不支持分卷压缩包</s>
  <s id="884">文件名过长</s>
  <s id="885">原压缩包不存在</s>
  <s id="886">正在获取文件...</s>
  <s id="887">文件获取失败</s>
  <s id="888">重试</s>
  <s id="889">我知道了</s>
  <s id="890">不再提示</s>
  <s id="891">关闭压缩包窗口后，解压任务将在后台继续执行</s>
  <s id="892">文件或目录不存在</s>
  <s id="893">当前有其他任务正在进行，请稍侯再试</s>
  <s id="894">关闭压缩包窗口</s>
  <s id="895">网盘文件数量过多</s>
  
  <!--https失败提示-->
  <s id="901">连接失败</s>
  <s id="902">网络证书无效，可能是您设备时间有误导致，请设置正确时间后重试。</s>
  <s id="903">知道了</s>

  <!--共享帐号引导-->
  <s id="910">帐号异常</s>
  <s id="911">您的帐号近期登录设备过多。如非本人操作请修</s>
  <s id="912">改密码，如需多人共享，请使用百度企业网盘。</s>
  <s id="913">免费开通企业网盘</s>
  <s id="914">修改密码</s>

  <!--文档预览相关引导-->
  <s id="930">打开提示</s>
  <s id="931">WPS打开文档更便捷，支持多种格式文档查看和编辑</s>
  <s id="932">下载WPS</s>
  <s id="933">直接打开</s>
  
  <!--帐号异常提示-->
  <s id="951">异常提示</s>
  <s id="952">您的帐号存在安全风险，已进入保护模式；请修改密码后使用。</s>
  <s id="953">查看详情</s>
  <s id="954">退出登录</s>
  <s id="955">提示</s>
  <s id="956">您的帐号存在安全风险，请验证身份后操作。</s>
  <s id="957">立即验证</s>

  <!--文件属性对话框-->
  <s id="1000">属性</s>
  <s id="1001">%d个文件</s>
  <s id="1002">%d个文件夹</s>
  <s id="1003">类型：</s>
  <s id="1004">位置：</s>
  <s id="1005">大小：</s>
  <s id="1006">包含：</s>
  <s id="1007">修改时间：</s>
  <s id="1008">正在计算...</s>
  <s id="1009">计算失败，网络异常</s>
  <s id="1010">%s文件</s>
  <s id="1011">文件夹</s>
  <s id="1012">均为文件夹</s>
  <s id="1013">均为%s文件</s>
  <s id="1014">多种类型</s>
  <s id="1015">全部位于%s</s>
  <s id="1016">不同的文件夹</s>
  <s id="1017">不同的文件夹</s>
  <s id="1018">未知类型</s>
  <s id="1019">%4.4d年%2.2d月%2.2d日, %2.2d:%2.2d</s>
  <s id="1020">正在计算文件数...</s>
  <s id="1021">文件数计算失败，网络异常</s>
  <s id="1022">我的网盘</s>
  <s id="1023">我的应用数据</s>
  <s id="1024">隐藏空间</s>
  <s id="1025">计算失败，服务器正忙</s>
  <s id="1026">文件数计算失败，服务器正忙</s>

  <!--文件历史版本相关提醒对话框-->
  <s id="1100">立即开通</s>
  <s id="1101">会员尊享特权，保存文档的%d个历史版本</s>
  <s id="1102">超级会员尊享特权，保存文档的%d个历史版本</s>

  <s id="1150">尊贵的会员，您可尊享保存文档的%d个历史版本</s>
  <s id="1151">文件已修改，是否保存到网盘？</s>
  <s id="1152">如需查看该文档的历史版本，推荐开启“文档历史版本”</s>
  <s id="1153">功能。</s>
  <s id="1154">不再提醒</s>
  <s id="1155">开启文档历史版本</s>
  <s id="1156">覆盖更新</s>
  <s id="1157">保存文档到网盘</s>
  <s id="1158">文档历史版本功能已开启</s>
  <s id="1159">可在设置中启用历史版本</s>
  
  <!--垃圾清理对话框-->
  <s id="1200">垃圾文件清理</s>
  <s id="1202">扫描重复文件</s>
  <s id="1203">扫描垃圾视频</s>
  <s id="1204">扫描空文件夹</s>
  <s id="1205">多种筛选方式，方便清理重复文件</s> 
  <s id="1206">清理垃圾视频，释放存储空间</s>
  <s id="1207">清理空文件夹，文件更加整洁有序</s>
  <s id="1208">已为您累计清理：%s 重复文件，%s 垃圾视频</s>
  <s id="1209">正在加载网盘文件，请稍后再试！</s>
  <s id="1210">今日的体验次数已用完，明天再来试试吧~</s>
  <s id="1211">清理</s>
  <s id="1212">快速清理%s~</s>
  <s id="1213">查看所有</s>
  <s id="1214">扫描次数太多，明天再来试试吧</s>
  <s id="1215"></s>
  <s id="1216">请开通超级会员</s>
  <s id="1217">操作过于频繁，请稍后再试</s>
  <s id="1218">服务器开小差，请稍后再试</s>
  <s id="1219">当前有其它任务正在进行，请稍后再试</s>
  <s id="1223">取消扫描</s>
  <s id="1224">重新扫描</s>
  <s id="1225">扫描全盘</s>
  <s id="1226">选择其它目录扫描</s>
  <s id="1227">试试其它清理方式</s>
  <s id="1228">您要在完成前取消扫描吗？</s>
  <s id="1229">继续扫描</s>
  <s id="1230">扫描指定目录</s>
  <s id="1231">未找到%s~</s>
  <s id="1232">扫描失败</s>
  
  <s id="1240">快速清理</s>
  <s id="1241">取消已选</s>
  <s id="1242">智能选择</s>
  <s id="1243">%I64d 个</s>
  <s id="1244">已选择%u个</s>
  <s id="1245">全部文件</s>
  <s id="1246">图片</s>
  <s id="1247">文档</s>
  <s id="1248">视频</s>
  <s id="1249">音乐</s>
  <s id="1250">种子</s>
  <s id="1251">应用</s>
  <s id="1252">其它</s>
  <s id="1253">文件名</s>
  <s id="1254">大小</s>
  <s id="1255">所在目录</s>
  <s id="1256">修改日期</s>
  <s id="1257">，占用 %s</s>
  <s id="1258">重复文件</s>
  <s id="1259">垃圾视频</s>
  <s id="1260">空文件夹</s>
  <s id="1261">清理完成</s>
  <s id="1262">本次共为您释放了 %s 空间，清理了 %s 个%s</s>
  <s id="1263">本次共为您清理了 %s 个空文件夹</s>
  <s id="1264">播放</s>
  <s id="1265">申诉</s>
  <s id="1266">打开所在目录</s>
  <s id="1267">申诉提交后，如审核属实将为您解封; 只有被误封的视频才能申诉成功。</s>
  <s id="1268">提交申诉</s>
  <s id="1269">正在删除文件，请稍候...</s>
  <s id="1270">删除成功</s>
  <s id="1271">删除失败</s>
  <s id="1272">单次申诉文件上限为%u个，请减少部分试试。</s>
  <s id="1273">正在提交申诉...</s>
  <s id="1274">申诉已提交</s>
  <s id="1275">申诉提交失败</s>
  <s id="1276">文件过多，请处理当前加载批次</s>
  <s id="1278">共%u项，当前页面已加载%u项</s>
  <s id="1279">已加载%u项</s>
  <s id="1280">列表视图</s>
  <s id="1281">缩略图视图</s>
  <s id="1282">按文件名</s>
  <s id="1283">按所在目录</s>
  <s id="1284">按修改日期</s>
  <s id="1285">保留名称较短的</s>
  <s id="1286">保留名称较长的</s>
  <s id="1287">保留目录较短的</s>
  <s id="1288">保留目录较长的</s>
  <s id="1289">保留日期较新的</s>
  <s id="1290">保留日期较旧的</s>
  <s id="1291">努力加载中，请稍候...</s>
  <s id="1292">加载失败，请</s>
  <s id="1293">您全选了该组文件，清理时该组文件将被全部删除!</s>
  <s id="1294">文件过多时只能分批处理</s>
  <s id="1295">处理下一批</s>
  <s id="1296">文件过多，请分批处理</s>
  <s id="1297">是否成功</s>
  <s id="1298">恭喜您已开通超级会员</s>
  <s id="1299">超级会员开通失败，请</s>
  <s id="1300">超级会员升级失败，请</s>
  <s id="1301">重新购买</s>
  <s id="1302">确认删除所选的%u个空文件吗？\n</s>
  <s id="1303">暂无重复的%s文件~</s>
  <s id="1304">%u个文件删除失败</s>
  <s id="1305">请选择要删除的文件</s>
  <s id="1306">加载成功</s>
  <s id="1307">尊贵的超级会员，是否要删除所有的%s？\n</s>
  <s id="1308">（删除后可在30天内通过回收站还原）</s>
  <s id="1309">%u个</s>
  <s id="1310">一键清理</s>
  <s id="1311">已选择%u个文件，删除后将释放\n%s空间。</s>
  <s id="1312">当前有其他任务正在进行，请稍后再试</s>
  <s id="1313">请重试</s>
  <s id="1314">选择删除项</s>
  <!--视频播放器-->
  <s id="1384">不再提示</s>
  <s id="1385">从旧到新</s>
  <s id="1386">播放列表为空</s>
  <s id="1387">上一个</s>
  <s id="1388">下一个</s>
  <s id="1389">已是第一个</s>
  <s id="1390">已是最后一个</s>
  <s id="1391">确认清除</s>
  <s id="1392">取消</s>
  <s id="1393">提示</s>
  <s id="1394">是否清空所有历史记录？\n清除时仅删除记录，不删除文件</s>
  <s id="1395">清空记录</s>
  <s id="1396">从新到旧</s>
  <s id="1397">默认列表</s>
  <s id="1398">历史记录</s>
  <s id="1399">播放下一个</s>
  <s id="1400">百度网盘</s>
  <s id="1401">超级会员加速播放，无须等待>></s>
  <s id="1402">流畅</s>
  <s id="1403">原画</s>
  <s id="1404">查看更多</s>
  <s id="1405">重新播放</s>
  <s id="1406">网络过于缓慢，请将画质切换为流畅</s>
  <s id="1407">网络过于缓慢，请暂停等待片刻...</s>
  <s id="1408">网络中断，请检查网络后再试...</s>
  <s id="1409">成功添加至下载列表</s>
  <s id="1410">已添加至下载列表</s>
  <s id="1411">字幕</s>
  <s id="1412">已定位到上次浏览位置，</s>
  <s id="1413">从头播放</s>
  <s id="1414">切换</s>
  <s id="1415">选择网盘保存路径</s>
  <s id="1416">00:00:00 / 00:00:00</s>
  <s id="1417">00:00:00</s>
  <s id="1418">0%</s>
  <s id="1419">视频播放</s>
  <s id="1420">超级会员高速播放通道</s>
  <s id="1421">立即开通</s>
  <s id="1422">正在努力加载视频...</s>
  <s id="1423">快进：</s>
  <s id="1424">快退：</s>
  <s id="1425">音量：%d%%</s>
  <s id="1426">视频加载失败，请重试</s>
  <s id="1427">重试</s>
  <s id="1428">正在加载，请稍候...</s>
  <s id="1429">网络中断，请检查网络后再试</s>
  <s id="1430">未知错误，视频播放失败(%d)</s>
  <s id="1431">视频加载失败，请重试</s>
  <s id="1432">很抱歉，暂不支持该格式</s>
  <s id="1433">当前字幕</s>
  <s id="1434">进度调整</s>
  <s id="1435">字幕大小</s>
  <s id="1436">小</s>
  <s id="1437">标准</s>
  <s id="1438">大</s>
  <s id="1439">超大</s>
  <s id="1440">%.1f秒</s>
  <s id="1441">不显示字幕</s>
  <s id="1442">正在获取字幕</s>
  <s id="1443"></s>
  <s id="1444">获取字幕失败</s>
  <s id="1445">正在设置字幕</s>
  <s id="1446">字幕设置成功</s>
  <s id="1447">字幕设置失败</s>
  <s id="1448">未匹配到字幕</s>
  <s id="1449">加快字幕</s>
  <s id="1450">放慢字幕</s>
  <s id="1451">解码失败，请稍候再试</s>
  <s id="1452">登录信息已过期，重新登录后再试</s>
  <s id="1453">服务器忙碌，请稍候再试</s>
  <s id="1454">视频正在转码，请稍后再试</s>
  <s id="1455">暂不支持该视频播放</s>
  <s id="1456">视频转码失败，请重试</s>
  <s id="1457">倍速</s>
  <s id="1458">0.75倍</s>
  <s id="1459">正常</s>
  <s id="1460">1.25倍</s>
  <s id="1461">1.5倍</s>
  <s id="1462">2.0倍</s>
  <s id="1463">开通超级会员，尊享倍速播放</s>
  <s id="1464">立即开通</s>
  <s id="1465">你可免费试用</s>
  <s id="1466">%d次</s>
  <s id="1467">倍速播放</s>
  <s id="1468">正在免费切换倍速播放...</s>
  <s id="1469">已为你免费开启</s>
  <s id="1470">速度播放</s>
  <s id="1471">播放时将免费开启</s>
  <s id="1472">速度</s>
  <s id="1473">倍速切换失败，请重试</s>
  <s id="1474">开通超级会员，尊享视频倍速播放</s>
  <s id="1475">你可试用%d次超级会员视频倍速播放特权</s>
  <s id="1476">开通超级会员</s>
  <s id="1477">试用倍速</s>
  <s id="1478">免费倍速播放</s>
  <s id="1479">升级超级会员，尊享视频倍速播放</s>
  <s id="1480">升级超级会员</s>
  <s id="1481">立即升级</s>
  <s id="1482">正在切换倍速播放...</s>
  <s id="1483">已为你开启</s>
  <s id="1484">播放时将开启</s>
  <s id="1485">该视频无法播放</s>
  <s id="1486">该视频不存在，无法播放</s>
  <s id="1487">升级超级会员，尊享倍速播放</s>
  <s id="1488">视频卡顿？</s>
  <s id="1489">点我反馈</s>
  <s id="1490">反馈已提交，我们将努力优化服务</s>
  <s id="1491">该视频播放失败，请稍后重试</s>
  <s id="1492">该视频时长过长，下载后观看</s>
  <s id="1493">非视频文件，无法播放</s>
  <s id="1494">视频存在问题，暂时无法播放</s>
  <s id="1495">转码出现问题，请下载后观看</s>
  <s id="1496">视频暂无法解析，请下载后观看</s>
  <s id="1497">该帐号存在违规行为，暂时无法播放</s>
  <s id="1498">该视频转码失败，请稍后重试</s>
  <s id="1499">播放上一个</s>

  <!--标题面板-->
  <s id="1500">我的网盘</s>
  <s id="1501">传输列表</s>
  <s id="1502">好友分享</s>
  <s id="1503">最大化</s>
  <s id="1504">还原</s>
  <s id="1505">会员中心</s>
  <s id="1506">消息提示</s>
  <s id="1507">设置</s>
  <s id="1508">点击更换头像</s>
  <s id="1509">立即开通超级会员</s>
  <s id="1510">升级超级会员</s>
  <s id="1511">续费超级会员</s>
  <s id="1512">个人中心</s>
  <s id="1513">帮助中心</s>
  <s id="1514">切换帐号</s>
  <s id="1515">退出</s>
  <s id="1516">立即开通</s>
  <s id="1517">超级会员尊享15项特权</s>
  <s id="1518">续费超级会员</s>
  <s id="1519">到期</s>
  <s id="1520">超级会员</s>
  <s id="1521">会员</s>
  <s id="1522">5T超大空间</s>
  <s id="1523">极速下载</s>
  <s id="1524">批量上传数无限制</s>
  <s id="1525">大文件上传</s>
  <s id="1526">了解更多</s>
  <s id="1527">你的部分容量即将到期，</s>
  <s id="1528">查看</s>
  <s id="1529">找资源</s>
  <s id="1530">我的积分</s>
  <s id="1531">兑换好礼></s>
  <!--主面板-->
  <s id="1600">欢迎使用百度网盘</s>
  
  <!--侧边栏面板-->
  <s id="1700">我的分享</s>
  <s id="1701">扩容</s>
  <s id="1702">扩容至2T</s>
  <s id="1703">扩容至5T</s>
  <s id="1704">开通会员，享更大容量</s>
  <s id="1705">购买容量套餐</s>
  <s id="1706">开通会员将享更大容量+10项特权</s>
  <s id="1707">开通超级会员将享超大容量+15项特权</s>
  <s id="1708">购买容量套餐将享有更多容量空间</s>
  <s id="1709">开通超级会员将享超大容量+15项特权</s>
  <s id="1710">容量将满，</s>
  <s id="1711">容量已满，</s>
  
  <!--传输列表面板-->
  <s id="1800">正在下载</s>
  <s id="1801">正在上传</s>
  <s id="1802">传输完成</s>
  <s id="1803">推送任务</s>
  <s id="1804">(999+)</s>
  <s id="1805">(%d)</s>

  <s id="1900">设备备份</s>
  <s id="1901">共有</s>
  <s id="1902">张照片，</s>
  <s id="1903">个视频</s>
  <s id="1904">未备份到百度网盘</s>
  <s id="1905">一键备份</s>
  <s id="1906">选择要备份的照片</s>
  <s id="1907">全选</s>
  <s id="1908">全不选</s>
  <s id="1909">关闭</s>
  <s id="1910">张照片</s>
  
  <!--我的分享面板-->
  <s id="2000">分享文件</s>
  <s id="2001">分享时间</s>
  <s id="2002">失效时间</s>
  <s id="2003">复制链接</s>
  <s id="2004">取消分享</s>
  <s id="2005">复制链接信息</s>
  <s id="2006">取消链接分享</s>
  <s id="2007">复制</s>
  <s id="2008">浏览次数</s>
  <s id="2009">保存次数</s>
  <s id="2010">下载次数</s>
  <s id="2011">%d次</s>
  <s id="2012">9999+</s>
  <s id="2013">提取码：</s>
  <s id="2014">我再想想</s>
  <s id="2015">取消外链分享成功</s>
  <s id="2016">取消分享失败，请稍候重试</s>
  <s id="2017">取消分享链接将失效，确定不分享了吗？</s>
  <s id="2018">链接复制成功</s>
  <s id="2019">链接复制失败</s>
  <s id="2020">获取分享列表失败</s>
  <s id="2021">哎呀！粗问题了！</s>
  <s id="2022">好东西要晒出来，快把文件分享给好友吧~</s>
  <s id="2023">重试一下</s>
  <s id="2024">已选中%d个文件/文件夹</s>
  <s id="2025">%d项</s>

  <!--图片预览-->
  <s id="2100">上一张</s>
  <s id="2101">下一张</s>
  <s id="2102">放大</s>
  <s id="2103">旋转图片</s>
  <s id="2104">分享图片</s>
  <s id="2105">下载</s>
  <s id="2106">删除</s>
  <s id="2107">详情</s>
  <s id="2108">第%d/%d张</s>
  <s id="2109">照片详情</s>
  <s id="2110">类型</s>
  <s id="2111">所属文件夹</s>
  <s id="2112">大小</s>
  <s id="2113">修改时间</s>
  <s id="2114">图片预览</s>
  <s id="2115">%d年 %02d月%02d日 %02d:%02d</s>
  <s id="2116">%s文件</s>
  <s id="2117">好友分享</s>
  <s id="2118">删除失败</s>
  <s id="2119">已加入下载列表</s>
  <s id="2120">来源</s>
  <s id="2121">展开缩略图</s>
  <s id="2122">已是第一张</s>
  <s id="2123">已是最后一张</s>
  <s id="2124">上一页</s>
  <s id="2125">下一页</s>
  <s id="2126">已是第一页</s>
  <s id="2127">已是最后一页</s>
  <!--工具栏-->
  <s id="2150">上传</s>
  <s id="2151">下载</s>
  <s id="2152">分享</s>
  <s id="2153">删除</s>
  <s id="2154">新建文件夹</s>
  <s id="2155">离线下载</s>
  <s id="2156">新建普通下载</s>
  <s id="2157">新建BT任务</s>
  <s id="2158">查看下载列表</s>
  <s id="2159">更多</s>
  <s id="2160">移动到</s>
  <s id="2161">推送到设备</s>
  <s id="2162">文档历史版本</s>
  <s id="2163">添加</s>
  <s id="2164">移入网盘文件</s>
  <s id="2165">上传本地文件</s>
  <s id="2166">移出隐藏空间</s>
  <s id="2167">立即上锁</s>
  <s id="2168">移入隐藏空间</s>
  <s id="2169">文件名</s>
  <s id="2170">大小</s>
  <s id="2171">修改时间</s>
  <s id="2172">升序</s>
  <s id="2173">降序</s>
  <s id="2174">切换到列表模式</s>
  <s id="2175">切换到缩略图模式</s>
  <s id="2176">排序</s>
  <s id="2177">隐藏空间</s>
  <s id="2178">剩余%s/%s</s>
  <s id="2179">已使用%s/%s</s>
  <s id="2180">%d%%容量超限</s>
  <s id="2181">PDF转Word</s>
  <s id="2182">超出数量限制提醒</s>
  <s id="2183">可为你转换前5个文件，是否继续？</s>
  <s id="2184">取消</s>
  <s id="2185">继续</s>

  <!--地址栏-->
  <s id="2200">我的网盘</s>
  <s id="2201">隐藏空间</s>
  <s id="2202">的搜索结果</s>
  <s id="2203">搜索我的网盘文件</s>
  <s id="2204">搜索隐藏空间内文件</s>
  <s id="2205">搜索</s>
  <s id="2206">/图片</s>
  <s id="2207">/视频</s>
  <s id="2208">/音乐</s>
  <s id="2209">/文档</s>
  <s id="2210">/应用</s>
  <s id="2211">/其他</s>
  <s id="2212">/种子</s>
  <s id="2213">刷新</s>
 
  <!--隐藏空间-->
  <s id="2250">启用隐藏空间，保存你的私密文件吧~</s>
  <s id="2251">启用隐藏空间</s>
  <s id="2252">启用隐藏空间仅需2步：</s>
  <s id="2253">①	使用合作帐号在网页端绑定邮箱/手机号</s>
  <s id="2254">②	用绑定的邮箱/手机号登录网盘</s>
  <s id="2255">去绑定</s>
  <s id="2256">隐藏空间是什么?</s>
  <s id="2257">隐藏空间已上锁</s>
  <s id="2258">密码错误</s>
  <s id="2259">隐藏空间已被锁定，建议找回密码</s>
  <s id="2260">密码错误，还有%d次输入机会</s>
  <s id="2261">请输入密码</s>
  <s id="2262">请输入验证码</s>
  <s id="2263">验证码错误</s>
  <s id="2264">验证失败,请稍候重试</s>
  <s id="2265">网络异常</s>
  <s id="2266">进入隐藏空间</s>
  <s id="2267">输入二级密码</s>
  <s id="2268">忘记密码?</s>
  <s id="2269">输入验证码</s>
  <s id="2270">换一换</s>
  <s id="2271">选择要移出的位置</s>
  <s id="2272">小贴士：隐藏空间中的文件不支持分享给好友</s>
  <s id="2273">网络异常</s>
  <s id="2274">私密文件存在这里更安全</s>

  <!--文件视图-->
  <s id="2300">上传到</s>
  <s id="2301">复制%u个文件到</s>
  <s id="2302">移动%u个文件到</s>
  <s id="2303">文件名</s>
  <s id="2304">大小</s>
  <s id="2305">修改时间</s>
  <s id="2306">创建分享</s>
  <s id="2307">超大空间等你来填满，快来上传吧~</s>
  <s id="2308">没有搜索到相关文件</s>
  <s id="2309">私密文件存在这里更安全~</s>
  <s id="2310">上传文件</s>
  <s id="2311">努力加载中，请稍候...</s>
  <s id="2312">哎呀！粗问题了！</s>
  <s id="2313">刷新重试</s>
  <s id="2314">文件已不存在当前页</s>
  <s id="2315">操作过于频繁~ 请稍后再试</s>
  <s id="2316">打开</s>
  <s id="2317">编辑</s>
  <s id="2318">打开方式</s>
  <s id="2319">选择程序...</s>
  <s id="2320">在线播放</s>
  <s id="2321">下载</s>
  <s id="2322">推送到设备</s>
  <s id="2323">上传</s>
  <s id="2324">刷新</s>
  <s id="2325">删除</s>
  <s id="2326">复制</s>
  <s id="2327">移动到</s>
  <s id="2328">移入隐藏空间</s>
  <s id="2329">移出隐藏空间</s>
  <s id="2330">剪切</s>
  <s id="2331">粘贴</s>
  <s id="2332">重命名</s>
  <s id="2333">分享</s>
  <s id="2334">文档历史版本</s>
  <s id="2335">新建文件夹</s>
  <s id="2336">打开所在目录</s>
  <s id="2337">属性</s>
  <s id="2338">缩略图</s>
  <s id="2339">详细信息</s>
  <s id="2340">查看</s>
  <s id="2341">成为超级会员</s>
  <s id="2342">排序方式</s>
  <s id="2343">不支持“.”作为文件名</s>
  <s id="2344">文件夹名称不能为空</s>
  <s id="2345">文件名称不能为空</s>
  <s id="2346">/图片</s>
  <s id="2347">/视频</s>
  <s id="2348">/音乐</s>
  <s id="2349">/文档</s>
  <s id="2350">/应用</s>
  <s id="2351">/其他</s>
  <s id="2352">/种子</s>
  <s id="2353">开始</s>
  <s id="2354">暂停</s>
  <s id="2355">重试</s>
  <s id="2356">全选</s>
  <s id="2357">升序</s>
  <s id="2358">降序</s>
  <s id="2359">名称</s>
  <s id="2360">取消上传</s>
  <s id="2361">PDF转Word</s>
  
  <!--最近使用视图-->
  <s id="2365">清除记录</s>
  <s id="2366">删除文件</s>
  <s id="2367">最近使用</s>
  <s id="2368">系统提示</s>
  <s id="2369">清除时仅删除记录，不删除文件</s>
  <s id="2370">不再提示</s>
  <s id="2371">确认清除</s>
  
  <!--状态栏-->
  <s id="2400">管理快捷功能入口</s>
  <s id="2401">已选中%d项</s>
  <s id="2402">%d项</s>
  <s id="2403">网络异常</s>
  <s id="2404">自动备份文件夹</s>
  <s id="2405">锁定网盘</s>
  <s id="2406">测速器</s>
  <s id="2407">用户奖励计划</s>
  <s id="2408">已加入用户奖励计划</s>
  <s id="2409">+%.1f小时</s>
  <s id="2410">+99+小时</s>
  <s id="2411">+0小时</s>

  <!--文件操作-->
  <s id="2500">确定要删除%s吗？</s>
  <s id="2501">确定要删除这%d个文件或文件夹吗？</s>
  <s id="2502">可在回收站中找回已删除文件</s>
  <s id="2503">删除的文件不会进入回收站，</s>
  <s id="2504">文件或文件夹已存在，操作失败</s>
  <s id="2505">新建文件夹失败，请稍候重试</s>
  <s id="2506">网络连接失败，无法上传文件</s>
  <s id="2507">提示</s>
  <s id="2508">下载路径无写入权限，请以管理员方式运行百度网盘</s>
  <s id="2509">正在下载</s>
  <s id="2510">网络异常，操作失败</s>
  <s id="2511">文件或文件夹不存在，操作失败</s>
  <s id="2512">网盘空间已满，操作失败</s>
  <s id="2513">操作失败</s>
  <s id="2514">操作中请稍候...</s>
  <s id="2515">选择要移出的位置</s>
  <s id="2516">取消</s>
  <s id="2517">移入隐藏空间</s>
  <s id="2518">移入文件中包含第三方文件,移入后第三方中将无法看到\r\n该文件，是否移入？</s>
  <s id="2519">移入</s>
  <s id="2520">取消</s>
  <s id="2521">单次操作不能超过%d个，请少选点再操作</s>
  <s id="2522">暂不支持在线浏览，请下载后查看</s>

  <!--自动更新-->
  <s id="2600">百度网盘自动更新</s>
  <s id="2601">立即打开</s>
  <s id="2602">V%s</s>

  <!--下载提示-->
  <s id="2700">本地空间不足，清理后再试</s>
  <s id="2701">文件已被删除</s>
  <s id="2702">网络异常</s>
  <s id="2703">文件已被取消分享</s>
  <s id="2704">下载目录无权限</s>
  <s id="2705">本地路径无效</s>
  <s id="2706">外链访问密码错误</s>
  
  <!--短信动态密码登录-->
  <s id="2800">短信快捷登录</s>
  <s id="2801">输入手机号</s>
  <s id="2802">输入动态密码</s>
  <s id="2803">获取动态密码</s>
  <s id="2804">%d秒后重发</s>
  <s id="2805">手机号格式错误</s>
  <s id="2806">发送动态密码过于频繁，请稍候再试</s>
  <s id="2807">验证码输入错误</s>
  <s id="2808">请输入验证码</s>
  <s id="2809">请输入手机号</s>
  <s id="2810">哎呀！粗问题了！请稍候再试...</s>
  <s id="2811">网络异常，获取动态密码失败</s>
  <s id="2812">清除手机号</s>
  <s id="2813">动态密码不存在</s>
  <s id="2814">请输入短信动态密码</s>
  <s id="2815">输入手机号</s>
  <s id="2816">阅读并接受</s>
  <s id="2817">《百度用户协议》</s>
  
  <!--最近使用-->
  <s id="2900">名称</s>
  <s id="2901">来源时间</s>
  <s id="2902">大小</s>
  <s id="2903">清除记录</s>
  <s id="2904">分享</s>
  <s id="2905">下载</s>
  <s id="2906">删除</s>
  <s id="2907">个文件</s>
  <s id="2908">张图片</s>
  <s id="2909">个视频</s>
  <s id="2910">%d张图片和%d个视频</s>
  <s id="2911">--</s>
  <s id="2912">查看更多文件></s>
  <s id="2913">上传</s>
  <s id="2914">备份</s>
  <s id="2915">转存</s>
  <s id="2916">查看</s>
  <s id="2917">电脑</s>
  <s id="2918">iPhone</s>
  <s id="2919">手机</s>
  <s id="2920">网页</s>
  <s id="2921">在目录中查看更多</s>
  <s id="2922">没有最近使用的文件~</s>
  <s id="2923">iPad</s>
  <s id="2924">微信小程序</s>
  <s id="2925">清除记录失败</s>
  <s id="2926">清除记录文件失败</s>
  <s id="2927">刚刚</s>
  <s id="2928">分钟前</s>
  <s id="2929">个小时前</s>
  <s id="2930">昨天</s>
  <s id="2931">播放</s>
  <s id="2932">张图片和视频</s>
  <s id="2933">更多></s>
  <s id="2934">没有最近使用的记录~</s>

  <!--用户奖励计划-->
  <s id="3000">用户奖励计划</s>
  <s id="3001">网络连接失败</s>
  <s id="3002">重试</s>
  <s id="3003">取消</s>
  <s id="3004">确定</s>
  <s id="3005">选择奖励计划路径</s>
  <s id="3006">浏览</s>
  <s id="3007">退出奖励计划提醒</s>
  <s id="3008">我再想想</s>
  <s id="3009">确认退出</s>
  <s id="3010">退出后将不能继续获得奖励计划的积分，积分可以兑换爱奇\r\n艺VIP月卡</s>
  <!--锁定功能计划-->
  <s id="3020">防“偷窥”\n可一键锁定网盘</s>
  <s id="3021">自动锁定已开启(%d分钟)\n如需关闭请点击</s>
  <s id="3022">设置</s>
  <!--隐藏空间付费引导-->
  <s id="3100">立即开通</s>
  <s id="3101">取消</s>

  <!--pdf转word付费引导-->
  <s id="3200">开通会员</s>
  <s id="3201">成为会员，畅享PDF转Word特权</s>
  <s id="3202">开通会员 10元/月</s>

  <!--自动备份tip引导-->
  <s id="3300">文件夹自动备份功能现在\n可以免费试用啦~</s>

</string>