<dlg pos="0,0,-0,-0">
  <!--文件列表视图-->
  <dlg name="dlg_list_view" pos="0,0,-0,-0" show="0">
    <header name="file_list_header" pos="0,0,-0,@30" checkSkin="listhead_check" itemSkin="listhead_btn" noitemSkin="listhead_bkg"
            fixWidth="0" itemSwapEnable="0" sortHeader="1" sortSkin="listhead_arrow" check_txt_margin="12" crtext="757880" align="left">
    </header>
    <dlg name="dlg_file_list" pos="0,30,-0,-0">
        <listboxex name="file_list_view" pos="0,0,-0,-0" itemheight="40" itemwidth="-1" virtual="1" frameskin="mainpanel_frame_select_bg">
          <template>
            <!--背景-->
            <img name="item_bkg" pos="1,0,-1,-1" skin="listitem_hover_bkg" show="0"></img>
            
            <!--文件名列-->
            <dlg name="col_1">
              <check name="chk_select" pos="12,|-7,@15,@15" skin="btncheckbox"></check>
              <img name="img_filetype" pos="[10,|-10,@20,@20" skin="other_small_image">
                <img name="img_trans_status" pos="0,0,-0,-0" skin="mainpanel_listview_trans_wait" show="0"></img>
              </img>
              <link name="link_filename" pos="[10,|-8" height="16" class="cls_mainpanel_filename_link" cursor="hand" dotted="1"></link>
              <imgbtn name="btn_share" pos="-80,|-8,@16,@16" skin="mainpanel_listview_share" cursor="arrow" tip="%str2306%" show="0"></imgbtn>
              <imgbtn name="btn_down" pos="[12,|-8,@16,@16" skin="mainpanel_listview_down" cursor="arrow" tip="%str2321%" show="0"></imgbtn>
              <imgbtn name="btn_del" pos="[12,|-8,@16,@16" skin="mainpanel_listview_del" cursor="arrow" tip="%str2325%" show="0"></imgbtn>
            </dlg>

            <!--修改时间列-->
            <dlg name="col_2">
              <text name="txt_mtime" pos="8,|-8,-0,@16" crtext="666666" align="left" dotted="1"></text>
            </dlg>
            
            <!--文件大小列-->
            <dlg name="col_3">
              <text name="txt_filesize" pos="8,|-8,-0,@16" crtext="666666" align="left" dotted="1"></text>
            </dlg>
          </template>
        </listboxex>
        
        <!--功能引导面板-->
        <dlg name="dlg_file_list_guide" pos="0,0" show="0">
            <buttonex name="btn_guide_tip" pos="0,0,-0,@72" normal-skin="mainpanel_guidepanel_zip" cursor="arrow"></buttonex>
            <img name="img_arrow" pos="0,0,@21,@14" skin="mainpanel_guidepanel_arrow_down"></img>
        </dlg>
    </dlg>
  </dlg>

  <!--文件缩略图视图-->
  <dlg name="dlg_thumb_view" pos="14,0,-0,-0" show="0">
    <filethumbview name="file_thumb_view" pos="0,0,-0,-0" itemwidth="138" itemheight="134" frameskin="mainpanel_frame_select_bg">
      <template>
        <dlg name="dlg_thumb_item" pos="6,6,-6,-6">
          <dlg name="dlg_file_item" pos="0,0,-0,-0" show="1">
            <img name="item_bkg" pos="0,0,-0,-0" skin="mainpanel_thumbview_item_hover_bg" show="0" cursor="arrow" msgtransparent="0"></img>
            <dlg name="dlg_video_bg" pos="7,7,@112,@82" crbg="000000" msgtransparent="1" show="0"></dlg>
            <img name="img_filetype" pos="|-30,20,@60,@60" skin="other_big_image"></img>
            <img name="img_thumbview" pos="7,7,@112,@82" skin="other_big_image" keep_size="1" show="0"></img>
            <img name="img_videoplay" pos="-41,-66,@30,@30" skin="mainpanel_thumbview_videoplay_normal" show="0"></img>
            <imgbtn name="btn_trans_del" pos="-52,14,@26,@26" skin="mainpanel_thumbview_trans_del_btn" cursor="arrow" tip="%str2360%" show="0"></imgbtn>
            <img name="img_folder_upload" pos="-52,14,@26,@26" skin="mainpanel_thumbview_folder_upload" show="0"></img>
            <img name="img_trans_status" pos="|-26,|-36,@53,@53" skin="mainpanel_thumbview_trans_waiting" show="0"></img>
            <progress name="trans_progress" pos="|-23,70,@44,@6" bgskin="mainpanel_thumbview_trans_progress_bg" posskin="mainpanel_thumbview_trans_progress_fg" min="0" max="100" value="0" show="0"></progress>
            <link name="link_filename" pos="12,-26,-12,@16" crtext="333333" dotted="1" align="center" valign="middle" msgtransparent="1"></link>
          </dlg>
          <dlg name="dlg_upload_item" pos="0,0,-0,-0" show="0">
            <img name="img_upload" pos="|-32,20,@64,@64" skin="mainpanel_thumbview_upload_normal"></img>
            <text name="txt_upload" pos="12,-26,-12,@16" crtext="333333" dotted="1" align="center" valign="middle">%str2310%</text>
          </dlg>
        </dlg>
      </template>
    </filethumbview>
    
    <!--功能引导面板-->
    <dlg name="dlg_file_thumb_guide" pos="0,0" show="0">
        <buttonex name="btn_guide_tip" pos="0,0,-0,@72" normal-skin="mainpanel_guidepanel_zip" cursor="arrow"></buttonex>
        <img name="img_arrow" pos="0,0,@21,@14" skin="mainpanel_guidepanel_arrow_down"></img>
    </dlg>
  </dlg>

  <!--空文件列表视图-->
  <dlg name="dlg_empty_view" pos="0,0,-0,-0" show="0">
    <img name="empty_view_bg" pos="|-90,|-100,@181,@127" skin="mainpanel_emptyview_empty"></img>
    <text name="txt_empty_tip" pos="|-150,[8,@300,@18" crtext="333333" font="0200:微软雅黑" align="center">%str2307%</text>
    <imgbtn name="btn_upload" pos="|-36,[16,@72,@25" class="defultbtn" crtext="ffffff" cursor="arrow">%str2310%</imgbtn>
  </dlg>

  <!--正在加载视图-->
  <dlg name="dlg_loading_view" pos="0,0,-0,-0" show="1">
	<gifplayer name="loading_view_gif" pos="|-16,|-16,@32,@32" skin="gif_statuspanel_loading"/>
    <text name="txt_loading_tip" pos="|-150,[12,@300,@18" crtext="333333" font="0200:微软雅黑" align="center">%str2311%</text>
  </dlg>

  <!--加载失败视图-->
  <dlg name="dlg_error_view" pos="0,0,-0,-0" show="0">
    <img name="error_view_bg" pos="|-90,|-100,@181,@127" skin="mainpanel_emptyview_error"></img>
    <text name="txt_error_tip" pos="|-150,[8,@300,@18" crtext="333333" font="0200:微软雅黑" align="center">%str2312%</text>
    <imgbtn name="btn_refresh" pos="|-36,[16,@72,@25" class="defultbtn" crtext="ffffff" cursor="arrow">%str2313%</imgbtn>
  </dlg>
</dlg>